oración,predicción,ρ última capa,ρ todas las capas,ρ última capa (sin 1.er token),att. al 1.er token,saliencia del 1.er token (%)
"The quick brown fox jumps over the lazy dog, ", is,-0.3736263736263736,-0.1758241758241758,-0.4895104895104896,0.62407297,7.3309884
The animal didn't cross the street because it, scared,-0.06363636363636364,0.07272727272727274,-0.19999999999999998,0.6056837,9.643482
She opened the window because the room was to, small,-0.2333333333333333,-0.38333333333333336,0.09523809523809526,0.62655854,5.443312
Researchers at the university published a new, week,0.17482517482517487,-0.1258741258741259,0.02727272727272728,0.7832734,11.661511
"My brother bought a red car, but he rarely dr", work,0.521978021978022,0.2582417582417582,0.6083916083916086,0.6807613,5.396247
The trophy didn't fit in the suitcase because, big,0.04895104895104895,-0.04895104895104895,0.10000000000000002,0.60163903,5.8000293
"After the rain stopped, the children ran outs", rain,-0.005494505494505494,-0.010989010989010988,0.10489510489510491,0.6522226,6.34043
Transformers process all the tokens of a sent, a,0.8303030303030302,0.18787878787878787,0.7666666666666667,0.49951434,33.116642
I think that the movie we watched yesterday w, one,0.44055944055944063,0.1958041958041958,0.45454545454545453,0.48561263,8.556771
The president of the company announced that p, been,-0.33333333333333337,-0.2333333333333333,-0.04761904761904763,0.6778999,4.41202
Water boils at one hundred degrees Celsius at, level,0.41666666666666663,0.39999999999999997,0.5000000000000001,0.77854186,9.566811
"If you heat the metal, it expands and becomes", a,0.32121212121212117,0.22424242424242422,0.41666666666666663,0.6089267,7.547496
The cat sat on the mat while the dog barked a, cat,0.0,-0.021978021978021976,0.1398601398601399,0.5498591,4.530411
Guatemala City is the capital and largest cit, the,0.6727272727272727,-0.20000000000000004,0.6363636363636362,0.53591186,11.653601
"He forgot his keys at home, so he had to call", friend,0.4010989010989011,0.30769230769230765,0.3636363636363637,0.68674177,8.965789
The students who studied hard passed the diff,.,-0.09999999999999999,0.19999999999999998,0.09523809523809526,0.74179465,6.4917264
Deep learning models need large amounts of da, are,0.13333333333333333,0.2333333333333333,-0.09523809523809526,0.5486135,15.13372
The old man the boats while the young sleep o, deck,-0.09090909090909091,-0.19090909090909092,0.04242424242424241,0.6013742,6.047407
"Although it was late, the restaurant was stil", people,0.5454545454545455,0.46363636363636374,0.406060606060606,0.6367707,14.342748
