capa,primer token (oración),"primer token = ""Yesterday""",primer token = <|endoftext|>
1,0.24444317296147347,0.2343466527760029,0.2870001092553139
2,0.41380469501018524,0.39554752856493,0.41280775517225266
3,0.41248783469200134,0.40246118754148485,0.3467245981097221
4,0.5505856335163116,0.5392070293426514,0.5357644617557525
5,0.5761040210723877,0.5660979479551316,0.5614654421806335
6,0.7526701480150223,0.7344844877719879,0.7466617792844772
7,0.7248483568429946,0.7116349369287491,0.7183129131793976
8,0.808118999004364,0.7969836622476578,0.8152249455451965
9,0.742248210310936,0.7235100537538528,0.7396216005086899
10,0.8225636869668961,0.810570028424263,0.8224555552005768
11,0.8265445172786713,0.8193892121315003,0.8221100091934204
12,0.6852104216814041,0.6768686771392822,0.686359629034996
