capa,BERT H,BERT H norm.,GPT-2 H,GPT-2 H norm.
1,2.058358997106552,0.7559679806232452,1.296897053718567,0.6773381173610687
2,1.6490388929843902,0.6053772211074829,1.419630515575409,0.7178751409053803
3,1.432808768749237,0.5262884244322776,1.2982479453086853,0.664995014667511
4,1.6268965601921082,0.5977397799491883,1.0326848357915879,0.5312805950641633
5,1.4152656674385071,0.519877915084362,0.8986242979764938,0.4560986146330833
6,1.169736635684967,0.4293405517935753,0.750464454293251,0.38406138122081757
7,1.2082013815641404,0.44347476214170456,0.86229667365551,0.4384645387530327
8,1.166895368695259,0.42878027707338334,0.6365888953208924,0.3225042313337326
9,1.3679359316825868,0.502188278734684,0.8293014317750931,0.4227019965648651
10,1.4975668966770173,0.5505074992775917,0.5928677678108215,0.30351372212171557
11,1.4383426070213319,0.5281918793916702,0.6082037344574929,0.3110580787062645
12,1.4810000777244567,0.5434518828988075,0.8713707596063613,0.4473364636301994
