d_k,var_sin_escala,var_con_escala,pmax_sin,normaJ_sin,pmax_con,normaJ_con
1,0.9992793798446655,0.9992793798446655,0.20747864246368408,0.2830992639064789,0.20747864246368408,0.2830992639064789
2,2.028191328048706,1.014095664024353,0.30083024501800537,0.30683064460754395,0.22405828535556793,0.2916673421859741
4,4.010832786560059,1.0027081966400146,0.42151081562042236,0.32221075892448425,0.23310397565364838,0.29681843519210815
8,7.961860656738281,0.9952326416969299,0.5660366415977478,0.3130945563316345,0.2408084273338318,0.3009403645992279
16,16.099613189697266,1.006225824356079,0.6846088767051697,0.2769448161125183,0.24348005652427673,0.3030341863632202
32,31.811609268188477,0.9941128492355347,0.7757416367530823,0.2280116230249405,0.24319927394390106,0.3036245107650757
64,63.77775573730469,0.9965274333953857,0.8395282626152039,0.18145868182182312,0.2439815104007721,0.3042788505554199
128,128.42343139648438,1.0033081769943237,0.8902751207351685,0.13349096477031708,0.24594858288764954,0.30504924058914185
256,256.02606201171875,1.0001018047332764,0.9220574498176575,0.09911158680915833,0.24872179329395294,0.30476170778274536
512,511.29400634765625,0.9986211061477661,0.9433169364929199,0.07454565912485123,0.24650652706623077,0.3051708936691284
1024,1027.0491943359375,1.002977728843689,0.9664103388786316,0.0463126115500927,0.24731603264808655,0.30544939637184143
